<?xml version="1.0" encoding="UTF-8"?>
<project-private xmlns="http://www.netbeans.org/ns/project-private/1">
    <editor-bookmarks xmlns="http://www.netbeans.org/ns/editor-bookmarks/2" lastBookmarkId="0"/>
    <open-files xmlns="http://www.netbeans.org/ns/projectui-open-files/2">
        <group>
            <file>file:/C:/Users/OK%20Computers/Documents/NetBeansProjects/shapemanupulation/src/rectangle.java</file>
            <file>file:/C:/Users/OK%20Computers/Documents/NetBeansProjects/shapemanupulation/src/About.java</file>
            <file>file:/C:/Users/OK%20Computers/Documents/NetBeansProjects/shapemanupulation/src/menu.java</file>
            <file>file:/C:/Users/OK%20Computers/Documents/NetBeansProjects/shapemanupulation/src/Fpage.java</file>
            <file>file:/C:/Users/OK%20Computers/Documents/NetBeansProjects/shapemanupulation/src/Lcomposition.java</file>
            <file>file:/C:/Users/OK%20Computers/Documents/NetBeansProjects/shapemanupulation/src/Hcomposition.java</file>
            <file>file:/C:/Users/OK%20Computers/Documents/NetBeansProjects/shapemanupulation/src/arrow.java</file>
        </group>
    </open-files>
</project-private>
